{
  "total_cases": 43,
  "status_distribution": {
    "success": 43
  },
  "success_rate": 1.0,
  "root_discovery_rate": 0.7763157894736842,
  "perfect_cases": 28,
  "perfect_rate": 0.6511627906976745,
  "average_coverage": 0.9767441860465116,
  "branch_count_accuracy": 0.9302325581395349,
  "total_time_seconds": 9277.340288877487,
  "average_time_seconds": 215.7520997413369,
  "by_category": {
    "cubic": {
      "total": 6,
      "success": 6,
      "root_discovery_rate": 0.7272727272727273,
      "perfect_cases": 3,
      "perfect_rate": 0.5,
      "avg_time": 209.28848246733347
    },
    "linear": {
      "total": 10,
      "success": 10,
      "root_discovery_rate": 1.0,
      "perfect_cases": 10,
      "perfect_rate": 1.0,
      "avg_time": 115.0681604385376
    },
    "quadratic": {
      "total": 14,
      "success": 14,
      "root_discovery_rate": 0.8461538461538461,
      "perfect_cases": 10,
      "perfect_rate": 0.7142857142857143,
      "avg_time": 269.6927216393607
    },
    "quartic": {
      "total": 4,
      "success": 4,
      "root_discovery_rate": 0.5833333333333334,
      "perfect_cases": 0,
      "perfect_rate": 0.0,
      "avg_time": 297.3382107615471
    },
    "quintic": {
      "total": 1,
      "success": 1,
      "root_discovery_rate": 0.8,
      "perfect_cases": 0,
      "perfect_rate": 0.0,
      "avg_time": 492.37949299812317
    },
    "special": {
      "total": 8,
      "success": 8,
      "root_discovery_rate": 0.6666666666666666,
      "perfect_cases": 5,
      "perfect_rate": 0.625,
      "avg_time": 176.68716883659363
    }
  },
  "by_difficulty": {
    "easy": {
      "total": 19,
      "success": 19,
      "root_discovery_rate": 0.88,
      "perfect_cases": 16,
      "perfect_rate": 0.8421052631578947,
      "avg_time": 136.7317161936509
    },
    "hard": {
      "total": 5,
      "success": 5,
      "root_discovery_rate": 0.7647058823529411,
      "perfect_cases": 2,
      "perfect_rate": 0.4,
      "avg_time": 553.7511056423187
    },
    "medium": {
      "total": 19,
      "success": 19,
      "root_discovery_rate": 0.7058823529411765,
      "perfect_cases": 10,
      "perfect_rate": 0.5263157894736842,
      "avg_time": 205.82537647297508
    }
  }
}